{
  "hash": "5944af67",
  "configHash": "753f9343",
  "lockfileHash": "3a9b7d7c",
  "browserHash": "45e646a8",
  "optimized": {
    "@angular/cdk/bidi": {
      "src": "../../../../../../node_modules/@angular/cdk/fesm2022/bidi.mjs",
      "file": "@angular_cdk_bidi.js",
      "fileHash": "b671654b",
      "needsInterop": false
    },
    "@angular/common": {
      "src": "../../../../../../node_modules/@angular/common/fesm2022/common.mjs",
      "file": "@angular_common.js",
      "fileHash": "59b19905",
      "needsInterop": false
    },
    "@angular/common/http": {
      "src": "../../../../../../node_modules/@angular/common/fesm2022/http.mjs",
      "file": "@angular_common_http.js",
      "fileHash": "caddd254",
      "needsInterop": false
    },
    "@angular/core": {
      "src": "../../../../../../node_modules/@angular/core/fesm2022/core.mjs",
      "file": "@angular_core.js",
      "fileHash": "0ac5ce21",
      "needsInterop": false
    },
    "@angular/forms": {
      "src": "../../../../../../node_modules/@angular/forms/fesm2022/forms.mjs",
      "file": "@angular_forms.js",
      "fileHash": "942812ca",
      "needsInterop": false
    },
    "@angular/material/button": {
      "src": "../../../../../../node_modules/@angular/material/fesm2022/button.mjs",
      "file": "@angular_material_button.js",
      "fileHash": "1aa655aa",
      "needsInterop": false
    },
    "@angular/material/card": {
      "src": "../../../../../../node_modules/@angular/material/fesm2022/card.mjs",
      "file": "@angular_material_card.js",
      "fileHash": "35931ede",
      "needsInterop": false
    },
    "@angular/material/dialog": {
      "src": "../../../../../../node_modules/@angular/material/fesm2022/dialog.mjs",
      "file": "@angular_material_dialog.js",
      "fileHash": "280e9fb4",
      "needsInterop": false
    },
    "@angular/platform-browser": {
      "src": "../../../../../../node_modules/@angular/platform-browser/fesm2022/platform-browser.mjs",
      "file": "@angular_platform-browser.js",
      "fileHash": "082146f3",
      "needsInterop": false
    },
    "@angular/router": {
      "src": "../../../../../../node_modules/@angular/router/fesm2022/router.mjs",
      "file": "@angular_router.js",
      "fileHash": "7c159fd0",
      "needsInterop": false
    }
  },
  "chunks": {
    "chunk-5YDY3DT6": {
      "file": "chunk-5YDY3DT6.js"
    },
    "chunk-BI5E3DJJ": {
      "file": "chunk-BI5E3DJJ.js"
    },
    "chunk-UOBBIDWC": {
      "file": "chunk-UOBBIDWC.js"
    },
    "chunk-LAIQI3S4": {
      "file": "chunk-LAIQI3S4.js"
    },
    "chunk-3NOEDH5E": {
      "file": "chunk-3NOEDH5E.js"
    },
    "chunk-KQWRIB4T": {
      "file": "chunk-KQWRIB4T.js"
    }
  }
}